label,kind,selection_score,passes_dev_minus_2_trade_preserve,passes_strict_is,dev_return_pct,dev_trades,dev_pf,dev_dd,oos_return_pct,oos_trades,oos_pf,oos_dd,delta_dev_return_pct,delta_dev_trades,delta_oos_return_pct,delta_oos_trades,notes
extended_body108_breakbody0715_momrisk_0.02,extended,92.47331102648899,True,True,76.6304441627448,45.0,6.118304593049222,3.846207393448526,56.01741782006767,40.0,3.3016397179171246,5.65940971159609,9.97547779193684,0.0,22.277918900810995,1.0,
extended_body108_momrisk020_riskall_1.2,extended,91.22957645222766,True,True,83.40196856205947,45.0,8.415781939296327,3.901403566703279,55.65487688400873,41.0,2.997946499036617,6.05298054162166,16.74700219125151,0.0,21.915377964752054,2.0,
extended_body108_scorea250_breakbody0715_momrisk020_riskall_1.2,extended,90.59894118335397,True,True,70.90624318191176,44.0,5.6194588665596665,3.901403566703279,56.128198588025,39.0,3.3112055615156955,7.376902626560425,4.251276811103807,-1.0,22.388699668768325,0.0,
extended_body108_momrisk020_riskall_1.25,extended,84.2875640741706,True,True,79.70892982012523,46.0,5.5771476208265796,3.966838629511396,53.657392965396525,43.0,2.7277402103104764,6.205057245229898,13.05396344931728,1.0,19.91789404613985,4.0,
combo_body108_momentum_risk_b_0.02,combo,83.18612486640667,True,True,80.09024633843347,44.0,8.400901417567715,3.846207393448526,53.57783398259704,41.0,3.020670886381628,5.788260521795899,13.435279967625519,-1.0,19.838335063340367,2.0,
extended_body1p1_momentum_risk_b_0.02,extended,83.18612486640667,True,True,69.75588368976817,46.0,4.588101220675864,4.880945450062579,53.57783398259704,41.0,3.020670886381628,5.788260521795899,3.1009173189602137,1.0,19.838335063340367,2.0,
extended_body1p12_momentum_risk_b_0.02,extended,83.18612486640667,True,True,76.1017095432744,48.0,5.061045924663417,5.7942315073132775,53.57783398259704,41.0,3.020670886381628,5.788260521795899,9.44674317246644,3.0,19.838335063340367,2.0,
extended_body108_scorea250_breakbody0715_momrisk020_riskall_1.3,extended,70.30661545385605,True,True,80.62751782271135,46.0,5.805663816934194,3.901403566703282,50.26166827831534,42.0,2.5726570327550395,6.003107117219703,13.9725514519034,1.0,16.522169359058665,3.0,
extended_body108_scorea250_breakbody0715_riskall_1.45,extended,65.18005922976393,True,True,75.04021781681918,46.0,5.968470806609617,3.901403566703282,48.85971438032913,42.0,2.712126847813356,5.521847749366985,8.385251446011225,1.0,15.120215461072455,3.0,
extended_body108_scorea250_breakbody0715_riskall_1.4,extended,62.811010670946914,True,True,73.78624361928698,46.0,6.01578975255237,3.901403566703282,48.242251586993405,42.0,2.7496577180615804,5.366676749628214,7.131277248479023,1.0,14.502752667736729,3.0,
extended_body108_scorea250_breakbody0715_momrisk_0.019,extended,61.70971656971136,True,True,73.97256675434258,46.0,5.956392060641234,3.846207393448526,47.97617610740877,42.0,2.7125889432301045,5.458037317738112,7.317600383534625,1.0,14.236677188152093,3.0,
extended_body108_scorea250_breakbody0715_riskall_1.35,extended,60.33486789712309,True,True,72.53840168253711,46.0,6.06451202748639,3.901403566703282,47.62321589353745,42.0,2.789457156011162,5.2113483039910005,5.8834353117291585,1.0,13.883716974280773,3.0,
extended_body108_scorea250_breakbody0715_riskall_1.32,extended,58.846205691375175,True,True,71.79263445973193,46.0,6.094452763606507,3.901403566703282,47.25105034210047,42.0,2.8145193626315184,5.123276055777501,5.137668088923974,1.0,13.511551422843795,3.0,
combo_body108_scorea250_breakbody0715_momrisk018,combo,57.74478451573127,True,True,72.04822975132821,46.0,6.022604833189033,3.846207393448526,46.97569504818949,42.0,2.7613601990143763,5.256182599028689,5.393263380520253,1.0,13.236196128932818,3.0,
combo_body108_scorea250_breakbody0715_riskall125,combo,55.364125458356554,True,True,70.06106119188186,46.0,6.166500738376535,3.901403566703282,46.380530283845815,42.0,2.8768059271398605,4.938290738028236,3.406094821073907,1.0,12.64103136458914,3.0,
extended_body108_breakbody0715_momrisk_0.019,extended,55.08319135753075,True,True,73.97256675434258,46.0,5.956392060641234,3.846207393448526,46.31954480436363,42.0,2.6814630179219425,5.458037317738169,7.317600383534625,1.0,12.580045885106955,3.0,
extended_body108_momrisk020_riskall_1.3,extended,54.97197408639641,True,True,79.55259362868587,46.0,5.567585286010387,3.901403566703282,46.32849546845298,43.0,2.3761326389746182,6.2050572452299,12.897627257877915,1.0,12.588996549196303,4.0,
combo_body108_breakbody0715_momrisk018,combo,51.14539919356419,True,True,72.04822975132821,46.0,6.022604833189033,3.846207393448526,45.32584871764772,42.0,2.7287084382168696,5.256182599028731,5.393263380520253,1.0,11.586349798391048,3.0,
extended_body108_risk_all_1.45,extended,50.619545336399135,True,True,73.99854394936655,46.0,5.697599581234772,3.901403566703282,45.16469959465083,43.0,2.4879808503659255,5.90230250001857,7.343577578558595,1.0,11.425200675394152,4.0,
combo_body108_breakbody0715_riskall125,combo,49.147137538758315,True,True,70.06106119188186,46.0,6.166500738376535,3.901403566703282,44.826283303946255,42.0,2.843943342267527,4.938290738028238,3.406094821073907,1.0,11.08678438468958,3.0,
combo_body108_scorea250_momrisk018,combo,48.878440795220186,True,True,71.13838497963926,46.0,5.767314676945066,3.846207393448526,44.676009741876506,43.0,2.5542123129145673,5.688647630100237,4.4834186088313,1.0,10.93651082261983,4.0,
extended_body1p08_momentum_risk_b_0.0195,extended,48.123385333216284,True,True,74.01511291583581,46.0,5.687106163292396,3.846207393448526,44.518949392739714,43.0,2.4706199841087284,5.815461695556971,7.36014654502786,1.0,10.779450473483038,4.0,
extended_body1p1_momentum_risk_b_0.0195,extended,48.123385333216284,True,True,69.9537347216821,47.0,4.858851963301895,4.880945450062579,44.518949392739714,43.0,2.4706199841087284,5.815461695556971,3.298768350874141,2.0,10.779450473483038,4.0,
extended_body1p12_momentum_risk_b_0.0195,extended,48.123385333216284,True,True,74.86165603953003,48.0,5.013680217526281,5.7942315073132775,44.518949392739714,43.0,2.4706199841087284,5.815461695556971,8.206689668722078,3.0,10.779450473483038,4.0,
extended_body108_risk_all_1.4,extended,47.971629490511,True,True,72.75203222056449,46.0,5.735762919314237,3.901403566703282,44.488906444562595,43.0,2.5144770444422266,5.847045745553779,6.097065849756532,1.0,10.74940752530592,4.0,
combo_body108_momentum_risk_b_0.019,combo,46.21174115970646,True,True,73.05254548758808,46.0,5.713393396383637,3.846207393448526,44.03059633302386,43.0,2.4874362822651377,5.773693630203371,6.397579116780122,1.0,10.291097413767183,4.0,
combo_body108_scorea250_riskall125,combo,45.514506857808804,True,True,69.04901855662722,46.0,5.856124679129648,3.901403566703282,43.983360449302594,43.0,2.6344574564262575,5.676036583035233,2.3940521858192625,1.0,10.243861530045919,4.0,
extended_body108_risk_all_1.35,extended,45.319858465375866,True,True,71.51161625912738,46.0,5.774871180662027,3.901403566703282,43.8119331950376,43.0,2.542389428519918,5.790923772588915,4.856649888319424,1.0,10.072434275780921,4.0,
extended_body108_risk_all_1.32,extended,43.72700012588619,True,True,70.7702871376733,46.0,5.798810181303541,3.901403566703282,43.40519525862776,43.0,2.5598704661349996,5.756830366439229,4.115320766865338,1.0,9.665696339371081,4.0,
combo_body108_risk_all_1.3,combo,42.664363936031975,True,True,70.27728280761715,46.0,5.814973967397953,3.901403566703282,43.133809804198975,43.0,2.571849025378936,5.733924738578321,3.6223164368092,1.0,9.3943108849423,4.0,
combo_body108_scorea250_breakbody0715,combo,42.38635011318431,True,False,66.36301284555357,46.0,6.2393068338048865,3.846207393448526,43.95907482886635,42.0,2.9342503378259863,4.647685466035649,-0.2919535252543852,1.0,10.219575909609674,3.0,
combo_body108_momentum_risk_b_0.018,combo,42.38231410674144,True,True,71.13838497963926,46.0,5.767314676945066,3.846207393448526,43.05197806975682,43.0,2.5228146226607318,5.688647630100241,4.4834186088313,1.0,9.312479150500145,4.0,
combo_body108_risk_all_1.28,combo,41.60115310775342,True,True,69.7852495502214,46.0,5.831305374837437,3.901403566703282,42.86224512592709,43.0,2.584098574296583,5.710876853769334,3.130283179413439,1.0,9.122746206670413,4.0,
combo_body108_momentum_risk_b_0.01725,combo,39.50506994799423,True,True,69.7123417994509,46.0,5.809001850135668,3.846207393448526,42.31638543318049,43.0,2.55101833506076,5.623521242542142,3.057375428642942,1.0,8.576886513923817,4.0,
combo_body108_risk_all_1.25,combo,39.39933012767488,True,True,69.04901855662722,46.0,5.856124679129648,3.901403566703282,42.454566266769106,43.0,2.6030036750097003,5.676036583035207,2.3940521858192625,1.0,8.71506734751243,4.0,
combo_body108_risk_momentum_1.3,combo,38.75125573993926,True,True,69.12505783476064,46.0,5.813079436720579,3.846207393448526,42.25395856277406,43.0,2.5685027298021876,5.597719432924059,2.4700914639526843,1.0,8.514459643517384,4.0,
extended_body108_scorea250_breakbody0715_momrisk_0.02,extended,38.74576440009953,True,True,76.6304441627448,45.0,6.118304593049222,3.846207393448526,42.435531163470294,41.0,2.502916093849072,5.659409711596045,9.97547779193684,0.0,8.696032244213619,2.0,
combo_body108_breakout_body_ratio_0.68,combo,37.827126587341866,True,False,66.36301284555357,46.0,6.2393068338048865,3.846207393448526,42.81926894740574,42.0,2.9159615864795696,4.647685466035636,-0.2919535252543852,1.0,9.079770028149063,3.0,
combo_body108_breakout_body_ratio_0.7,combo,37.827126587341866,True,False,66.36301284555357,46.0,6.2393068338048865,3.846207393448526,42.81926894740574,42.0,2.9159615864795696,4.647685466035636,-0.2919535252543852,1.0,9.079770028149063,3.0,
combo_body108_risk_all_1.22,combo,37.068158801588915,True,True,68.3149676662698,46.0,5.881341873938128,3.901403566703282,42.04649496479874,43.0,2.6225788358841418,5.640871810882278,1.6600012954618393,1.0,8.306996045542064,4.0,
combo_body108_breakout_body_ratio_0.715,combo,35.87006517824656,True,False,66.36301284555357,46.0,6.2393068338048865,3.846207393448526,42.33000359513191,42.0,2.8962049465314355,4.647685466035636,-0.2919535252543852,1.0,8.590504675875238,3.0,
combo_body108_momentum_risk_b_0.0165,combo,35.26309680288678,True,True,68.29448340760578,46.0,5.851827248798442,3.846207393448526,41.579438698178684,43.0,2.5808067299778368,5.5572244844401855,1.6395170367978267,1.0,7.839939778922009,4.0,
combo_body108_risk_momentum_1.25,combo,34.720770313775354,True,True,67.90510591379233,46.0,5.854617963153912,3.846207393448526,41.536829054093104,43.0,2.5929822750827,5.539734903395832,1.2501395429843711,1.0,7.797330134836429,4.0,
combo_body108_risk_all_1.2,combo,34.54415850624346,True,True,67.64931249430875,46.0,5.89769668961653,3.901403566703279,41.568413554618715,43.0,2.630934841724832,5.5868912935465875,0.9943461235007902,1.0,7.82891463536204,4.0,
combo_body108_trend_min_score_a_2.2,combo,33.73121298247471,True,False,65.483233276425,46.0,5.941174961155169,3.846207393448526,41.8652354384711,43.0,2.696811377742281,5.421045134841144,-1.171733094382958,1.0,8.125736519214428,4.0,
combo_body108_trend_sol_short_only,targeted,33.39919797635925,True,True,68.33352357216933,43.0,7.102697229311705,3.846207393448526,41.36965911300614,41.0,2.7663737089155034,4.647685466035636,1.6785572013613717,-2.0,7.630160193749468,2.0,
combo_body108_trend_min_score_a_2.255,combo,33.09107432388263,True,False,65.483233276425,46.0,5.941174961155169,3.846207393448526,41.70520077382307,43.0,2.682165393275575,5.421045134841072,-1.171733094382958,1.0,7.965701854566397,4.0,
combo_body108_trend_min_score_a_2.35,combo,33.09107432388263,True,False,65.483233276425,46.0,5.941174961155169,3.846207393448526,41.70520077382307,43.0,2.682165393275575,5.421045134841072,-1.171733094382958,1.0,7.965701854566397,4.0,
combo_body108_trend_min_score_a_2.46,combo,33.09107432388263,True,False,65.483233276425,46.0,5.941174961155169,3.846207393448526,41.70520077382307,43.0,2.682165393275575,5.421045134841072,-1.171733094382958,1.0,7.965701854566397,4.0,
combo_body108_trend_min_score_a_2.5,combo,33.09107432388263,True,False,65.483233276425,46.0,5.941174961155169,3.846207393448526,41.70520077382307,43.0,2.682165393275575,5.421045134841072,-1.171733094382958,1.0,7.965701854566397,4.0,
combo_body108_momentum_risk_b_0.016,combo,32.3991259630791,True,True,67.35378076925862,46.0,5.8810436963553885,3.846207393448526,41.08740734674275,43.0,2.60162322606363,5.5123672801569645,0.698814398450665,1.0,7.347908427486075,4.0,
combo_body108_risk_all_1.18,combo,31.976994498382883,True,True,66.97683606457865,46.0,5.914241790344176,3.9014035667033196,41.08082591178571,43.0,2.6392483061617718,5.531228300345045,0.32186969377069374,1.0,7.341326992529034,4.0,
combo_body108_momentum_trail_bars_8,combo,31.58669619250727,True,False,65.51747516667015,46.0,5.958834075670586,3.846207393448526,41.320545768417944,43.0,2.7534952949815175,5.421045134841093,-1.1374912041378025,1.0,7.581046849161268,4.0,
combo_body108_breakout_body0715_eth_long,combo,30.783321469134208,False,False,63.81029206221627,45.0,6.116277161223911,3.8462073934485357,42.33000359513191,42.0,2.8962049465314355,4.647685466035636,-2.844674308591685,0.0,8.590504675875238,3.0,
combo_body108_risk_momentum_1.2,combo,30.695919904255934,True,True,66.69116883468203,46.0,5.897294759462997,3.846207393448526,40.81937890749032,43.0,2.618707618698869,5.480847647393811,0.03620246387407633,1.0,7.0798799882336425,4.0,
combo_body108_risk_breakout_1.25,combo,30.18609276469828,True,False,66.14043776982534,46.0,5.944838624053124,3.846207393448527,40.84219230949628,43.0,2.6647929183330414,5.531197330118635,-0.5145286009826151,1.0,7.102693390239608,4.0,
combo_body108_risk_breakout_1.3,combo,30.18609276469828,True,False,66.14043776982534,46.0,5.944838624053124,3.846207393448527,40.84219230949628,43.0,2.6647929183330414,5.531197330118635,-0.5145286009826151,1.0,7.102693390239608,4.0,
combo_body108_breakout_eth_long_only,combo,29.275262940707833,False,False,62.94401207783585,45.0,5.823587166094002,3.8462073934485357,42.81926894740574,42.0,2.9159615864795696,4.647685466035636,-3.7109542929721044,0.0,9.079770028149063,3.0,
combo_body108_trend_min_stop_atr_1.35,combo,29.273915454210968,True,False,66.18488420902612,46.0,5.5965152174063,5.153942815204222,40.625450436899904,43.0,2.599808538467448,5.620853589421211,-0.47008216178183204,1.0,6.885951517643228,4.0,
combo_body108_risk_breakout_1.2,combo,29.22318879134721,True,False,65.96472366667979,46.0,5.944215277114417,3.8462073934485446,40.63779813882231,43.0,2.6595768517890903,5.50081051762827,-0.6902427041281669,1.0,6.8982992195656365,4.0,
local_trend_orderly_body_1.2,local,28.6081638215992,True,True,76.58800751776903,50.0,5.9110175891645165,5.7942315073132775,39.241539874656475,45.0,2.42764443874262,5.388617457506688,9.933041146961074,5.0,5.502040955399799,6.0,Local grid around first-pass OOS winner.
combo_body108_trend_min_stop_atr_1.4,combo,27.780759913482328,True,False,65.23236940174573,46.0,5.753892614069275,4.97368729137015,40.474902575703716,43.0,2.6022270252623487,5.559302878084706,-1.4225969690622264,1.0,6.7354036564470405,4.0,
local_trend_orderly_body_1.12,local,27.481848154485913,True,False,66.288270786498,48.0,5.117125318827215,5.7942315073132775,40.101634853955645,43.0,2.6457917764117185,5.42104513484111,-0.36669558430995153,3.0,6.362135934698969,4.0,Local grid around first-pass OOS winner.
combo_body108_trend_tp2_frac_0.66,combo,27.15456239240154,True,False,65.62783802683818,46.0,5.948385714482147,3.8010354544556577,40.18492160334951,43.0,2.6491985242281904,5.42104513484111,-1.0271283439697783,1.0,6.445422684092833,4.0,
combo_body108_trend_min_stop_atr_1.3,combo,27.127595430409155,True,True,67.41459724798263,46.0,5.584270384036425,5.347760368155919,39.79801351657015,43.0,2.56770327856147,5.68713897086052,0.759630877174672,1.0,6.058514597313476,4.0,
combo_body108_breakout_faster_trail,combo,26.978253908524277,True,False,65.56831090014373,46.0,5.946156047033203,3.8462073934485073,40.15572626405381,43.0,2.6478607971828385,5.421045134841139,-1.0866554706642262,1.0,6.416227344797136,4.0,
recommended_orderly_body_1_08,anchor,26.676810644412907,True,False,65.483233276425,46.0,5.941174961155169,3.846207393448526,40.101634853955645,43.0,2.6457917764117185,5.42104513484111,-1.171733094382958,1.0,6.362135934698969,4.0,First-pass recommended candidate.
combo_body108_trend_tp2_frac_0.54,combo,26.195721059838004,True,False,65.33869131910423,46.0,5.9339568667585745,3.891379332441395,40.01749794714211,43.0,2.642353038530538,5.42104513484111,-1.3162750517037267,1.0,6.277999027885436,4.0,
combo_body108_trend_tp2_frac_0.48,combo,25.711293638676405,True,False,65.19421215487507,46.0,5.926731420466611,3.936551271434223,39.932510882909,43.0,2.638882291231604,5.42104513484111,-1.4607542159328801,1.0,6.193011963652324,4.0,
local_trend_orderly_body_1.18,local,25.241468237289247,True,False,66.288270786498,48.0,5.117125318827215,5.7942315073132775,39.241539874656475,45.0,2.42764443874262,5.388617457506688,-0.36669558430995153,3.0,5.502040955399799,6.0,Local grid around first-pass OOS winner.
local_trend_orderly_body_1.15,local,25.200999299955818,True,False,66.288270786498,48.0,5.117125318827215,5.7942315073132775,39.23142264032312,45.0,2.427303392125315,5.388617457506688,-0.36669558430995153,3.0,5.491923721066442,6.0,Local grid around first-pass OOS winner.
combo_body108_trend_min_score_a_2.6,combo,24.818001409196576,True,False,65.483233276425,46.0,5.941174961155169,3.846207393448526,39.63693254515156,43.0,2.515254785116375,5.421045134841064,-1.171733094382958,1.0,5.897433625894884,4.0,
combo_body108_momentum_sol_long_only,targeted,24.75330440015187,True,True,72.76103838102316,44.0,7.994369609527257,3.846207393448526,38.40954636831858,48.0,2.545492226094339,7.747930530936848,6.1060720102152,-1.0,4.670047449061904,9.0,
combo_body108_trend_tp2_r_1.62,combo,22.893269191934017,False,False,63.65860149010707,46.0,5.85704774503282,4.655434686273159,40.35918109794107,43.0,2.6533223352232653,5.4210451348410915,-2.996364880700888,1.0,6.619682178684393,4.0,
combo_body108_momentum_sol_both,targeted,19.106471968312594,True,True,79.07878262626353,48.0,7.994832989082937,3.846207393448526,36.09783826035875,54.0,2.1364892614693587,7.7479305309368005,12.423816255455577,3.0,2.3583393411020737,15.0,
combo_body108_trend_tp2_r_1.98,combo,18.8852168521103,False,False,62.914134649136564,46.0,5.8160930576973415,4.955134898470653,40.101634853955645,43.0,2.6457917764117185,5.42104513484111,-3.740831721671391,1.0,6.362135934698969,4.0,
local_trend_orderly_body_1.25,local,16.928883561171748,True,True,76.27324741609726,51.0,5.833560719408014,5.7942315073132775,36.34919712277112,45.0,2.3306545767979636,5.530954387727145,9.618281045289308,6.0,2.609698203514448,6.0,Local grid around first-pass OOS winner.
local_trend_orderly_body_1.1,local,13.712608481796178,False,False,61.62098255655803,47.0,4.937765863902096,4.880945450062579,40.101634853955645,43.0,2.6457917764117185,5.42104513484111,-5.033983814249922,2.0,6.362135934698969,4.0,Local grid around first-pass OOS winner.
combo_body108_trend_tp2_r_1.44,combo,12.01745738064181,True,True,67.25525869262137,46.0,6.039383762694538,3.6465181717884225,35.993790183963775,43.0,2.4881848483901394,5.4210451348410915,0.6002923218134129,1.0,2.254291264707099,4.0,
combo_body108_momentum_sol_disabled,targeted,11.728051702671946,False,False,59.645128229118306,42.0,5.856570442412031,3.846207393448526,42.48134998661431,37.0,3.4515251845498414,5.421045134841102,-7.009838141689649,-3.0,8.741851067357636,-2.0,
local_breakout_body_ratio_0.68,local,10.66290495509113,False,False,67.54097537367738,45.0,6.658937596723278,3.846207393448526,36.3337229073121,38.0,2.849061125757956,4.647685466035636,0.8860090028694287,0.0,2.5942239880554254,-1.0,Local grid around first-pass breakout body-ratio winner.
local_breakout_body_ratio_0.7,local,10.66290495509113,False,False,67.54097537367738,45.0,6.658937596723278,3.846207393448526,36.3337229073121,38.0,2.849061125757956,4.647685466035636,0.8860090028694287,0.0,2.5942239880554254,-1.0,Local grid around first-pass breakout body-ratio winner.
local_breakout_body_ratio_0.715,local,8.79471539056936,False,False,67.54097537367738,45.0,6.658937596723278,3.846207393448526,35.86667551618166,38.0,2.8273770296528027,4.647685466035636,0.8860090028694287,0.0,2.1271765969249827,-1.0,Local grid around first-pass breakout body-ratio winner.
extended_body108_scorea250_breakbody0715_momrisk020_riskall_1.25,extended,1.0591707503160008,False,False,80.76212434788857,43.0,5.896388922795467,3.901403566703282,33.745467589882146,38.0,2.243580309011811,6.785749067026983,14.107157977080618,-2.0,0.0059686706254709065,-1.0,
local_trend_orderly_body_0.96,local,0.7817531796684193,True,True,66.65496637080795,45.0,6.321492107306187,3.846207393448526,33.78493721417378,40.0,2.555132532438855,5.4210451348411,0.0,0.0,0.04543829491710483,1.0,Local grid around first-pass OOS winner.
local_trend_orderly_body_0.94,local,0.7817531796684193,True,True,66.65496637080795,45.0,6.321492107306187,3.846207393448526,33.78493721417378,40.0,2.555132532438855,5.4210451348411,0.0,0.0,0.04543829491710483,1.0,Local grid around first-pass OOS winner.
baseline_current_round2,baseline,0.0,False,False,66.65496637080795,45.0,6.321492107306187,3.846207393448526,33.739498919256675,39.0,2.5531918767231168,5.4210451348411,0.0,0.0,0.0,0.0,
combo_body108_breakout_body_ratio_0.73,combo,-3.0745603382478475,False,False,63.81029206221627,45.0,6.116277161223911,3.8462073934485357,34.248878436699975,41.0,2.5950051470770688,6.354426308495407,-2.844674308591685,0.0,0.5093795174432998,2.0,
combo_body108_breakout_body_ratio_0.75,combo,-3.0745603382478475,False,False,63.81029206221627,45.0,6.116277161223911,3.8462073934485357,34.248878436699975,41.0,2.5950051470770688,6.354426308495407,-2.844674308591685,0.0,0.5093795174432998,2.0,
local_trend_orderly_body_0.98,local,-6.316555473093419,False,False,66.65496637080795,45.0,6.321492107306187,3.846207393448526,31.86036005098332,41.0,2.379584842668401,5.4210451348411,0.0,0.0,-1.8791388682733547,2.0,Local grid around first-pass OOS winner.
local_trend_orderly_body_1,local,-7.782011432499878,False,False,66.65496637080795,45.0,6.321492107306187,3.846207393448526,31.34399606113171,42.0,2.335971995633866,5.42104513484111,0.0,0.0,-2.395502858124967,3.0,Local grid around first-pass OOS winner.
local_trend_orderly_body_1.02,local,-9.886992640200397,False,False,66.65496637080795,45.0,6.321492107306187,3.846207393448526,30.81775075920658,42.0,2.290064421873555,5.42104513484111,0.0,0.0,-2.9217481600500967,3.0,Local grid around first-pass OOS winner.
local_trend_orderly_body_1.04,local,-9.886992640200397,False,False,66.65496637080795,45.0,6.321492107306187,3.846207393448526,30.81775075920658,42.0,2.290064421873555,5.42104513484111,0.0,0.0,-2.9217481600500967,3.0,Local grid around first-pass OOS winner.
local_trend_orderly_body_1.06,local,-11.058725734583355,False,False,65.483233276425,46.0,5.941174961155169,3.846207393448526,30.81775075920658,42.0,2.290064421873555,5.42104513484111,-1.171733094382958,1.0,-2.9217481600500967,3.0,Local grid around first-pass OOS winner.
local_breakout_body_ratio_0.73,local,-15.372669702504492,False,False,64.97017960254003,44.0,6.528371714864806,3.8462073934485357,30.617528185697534,37.0,2.5949489713956275,4.585318175867145,-1.6847867682679265,-1.0,-3.1219707335591416,-2.0,Local grid around first-pass breakout body-ratio winner.
local_breakout_body_ratio_0.75,local,-15.372669702504492,False,False,64.97017960254003,44.0,6.528371714864806,3.8462073934485357,30.617528185697534,37.0,2.5949489713956275,4.585318175867145,-1.6847867682679265,-1.0,-3.1219707335591416,-2.0,Local grid around first-pass breakout body-ratio winner.
combo_body108_trend_sol_disabled,targeted,-21.900926863066026,False,False,61.04907869731987,40.0,7.115576970904699,3.846207393448526,32.52015487697825,38.0,2.4410149754427257,4.647685466035636,-5.605887673488084,-5.0,-1.219344042278422,-1.0,
combo_body108_trend_sol_long_only,targeted,-36.36330779747666,False,False,58.322131524775465,43.0,5.861967501494872,3.846207393448526,31.33150681592,40.0,2.3320595664551407,5.4210451348411,-8.33283484603249,-2.0,-2.4079921033366745,1.0,
extended_body108_scorea250_breakbody0715_momrisk_0.021,extended,-103.9128788524756,False,False,46.85278513245005,27.0,9.294727616230915,3.846207393448526,28.61346044449568,22.0,6.785540741615426,3.8916775080494515,-19.802181238357903,-18.0,-5.126038474760996,-17.0,
extended_body108_scorea250_breakbody0715_momrisk_0.022,extended,-103.9128788524756,False,False,46.85278513245005,27.0,9.294727616230915,3.846207393448526,28.61346044449568,22.0,6.785540741615426,3.8916775080494515,-19.802181238357903,-18.0,-5.126038474760996,-17.0,
extended_body108_scorea250_breakbody0715_momrisk_0.023,extended,-103.9128788524756,False,False,46.85278513245005,27.0,9.294727616230915,3.846207393448526,28.61346044449568,22.0,6.785540741615426,3.8916775080494515,-19.802181238357903,-18.0,-5.126038474760996,-17.0,
extended_body108_breakbody0715_momrisk_0.021,extended,-109.97780236444028,False,False,46.85278513245005,27.0,9.294727616230915,3.846207393448526,27.09722956650451,22.0,6.684545277167088,3.891677508049468,-19.802181238357903,-18.0,-6.642269352752166,-17.0,
extended_body108_breakbody0715_momrisk_0.022,extended,-109.97780236444028,False,False,46.85278513245005,27.0,9.294727616230915,3.846207393448526,27.09722956650451,22.0,6.684545277167088,3.891677508049468,-19.802181238357903,-18.0,-6.642269352752166,-17.0,
extended_body108_breakbody0715_momrisk_0.023,extended,-109.97780236444028,False,False,46.85278513245005,27.0,9.294727616230915,3.846207393448526,27.09722956650451,22.0,6.684545277167088,3.891677508049468,-19.802181238357903,-18.0,-6.642269352752166,-17.0,
extended_body1p12_momentum_risk_b_0.0205,extended,-117.9298869589639,False,False,46.78680845078802,29.0,6.149384912037387,5.7942315073132775,25.101200704682125,23.0,4.725458047628361,5.725107555427059,-19.868157920019932,-16.0,-8.63829821457455,-16.0,
extended_body1p12_momentum_risk_b_0.021,extended,-117.9298869589639,False,False,46.78680845078802,29.0,6.149384912037387,5.7942315073132775,25.101200704682125,23.0,4.725458047628361,5.725107555427059,-19.868157920019932,-16.0,-8.63829821457455,-16.0,
extended_body1p12_momentum_risk_b_0.022,extended,-117.9298869589639,False,False,46.78680845078802,29.0,6.149384912037387,5.7942315073132775,25.101200704682125,23.0,4.725458047628361,5.725107555427059,-19.868157920019932,-16.0,-8.63829821457455,-16.0,
extended_body1p12_momentum_risk_b_0.024,extended,-117.9298869589639,False,False,46.78680845078802,29.0,6.149384912037387,5.7942315073132775,25.101200704682125,23.0,4.725458047628361,5.725107555427059,-19.868157920019932,-16.0,-8.63829821457455,-16.0,
extended_body1p12_momentum_risk_b_0.023,extended,-117.9298869589639,False,False,46.78680845078802,29.0,6.149384912037387,5.7942315073132775,25.101200704682125,23.0,4.725458047628361,5.725107555427059,-19.868157920019932,-16.0,-8.63829821457455,-16.0,
extended_body1p08_momentum_risk_b_0.0205,extended,-120.77239379911235,False,False,46.07618174075091,27.0,8.34655823403511,3.846207393448526,25.101200704682125,23.0,4.725458047628361,5.725107555427059,-20.578784630057044,-18.0,-8.63829821457455,-16.0,
extended_body1p08_momentum_risk_b_0.022,extended,-120.77239379911235,False,False,46.07618174075091,27.0,8.34655823403511,3.846207393448526,25.101200704682125,23.0,4.725458047628361,5.725107555427059,-20.578784630057044,-18.0,-8.63829821457455,-16.0,
extended_body1p08_momentum_risk_b_0.021,extended,-120.77239379911235,False,False,46.07618174075091,27.0,8.34655823403511,3.846207393448526,25.101200704682125,23.0,4.725458047628361,5.725107555427059,-20.578784630057044,-18.0,-8.63829821457455,-16.0,
extended_body1p08_momentum_risk_b_0.023,extended,-120.77239379911235,False,False,46.07618174075091,27.0,8.34655823403511,3.846207393448526,25.101200704682125,23.0,4.725458047628361,5.725107555427059,-20.578784630057044,-18.0,-8.63829821457455,-16.0,
extended_body1p08_momentum_risk_b_0.024,extended,-120.77239379911235,False,False,46.07618174075091,27.0,8.34655823403511,3.846207393448526,25.101200704682125,23.0,4.725458047628361,5.725107555427059,-20.578784630057044,-18.0,-8.63829821457455,-16.0,
extended_body1p1_momentum_risk_b_0.0205,extended,-134.4096143661341,False,False,42.666876598995465,28.0,5.83155203857659,4.880945450062579,25.101200704682125,23.0,4.725458047628361,5.725107555427059,-23.98808977181249,-17.0,-8.63829821457455,-16.0,
extended_body1p1_momentum_risk_b_0.022,extended,-134.4096143661341,False,False,42.666876598995465,28.0,5.83155203857659,4.880945450062579,25.101200704682125,23.0,4.725458047628361,5.725107555427059,-23.98808977181249,-17.0,-8.63829821457455,-16.0,
extended_body1p1_momentum_risk_b_0.021,extended,-134.4096143661341,False,False,42.666876598995465,28.0,5.83155203857659,4.880945450062579,25.101200704682125,23.0,4.725458047628361,5.725107555427059,-23.98808977181249,-17.0,-8.63829821457455,-16.0,
extended_body1p1_momentum_risk_b_0.023,extended,-134.4096143661341,False,False,42.666876598995465,28.0,5.83155203857659,4.880945450062579,25.101200704682125,23.0,4.725458047628361,5.725107555427059,-23.98808977181249,-17.0,-8.63829821457455,-16.0,
extended_body1p1_momentum_risk_b_0.024,extended,-134.4096143661341,False,False,42.666876598995465,28.0,5.83155203857659,4.880945450062579,25.101200704682125,23.0,4.725458047628361,5.725107555427059,-23.98808977181249,-17.0,-8.63829821457455,-16.0,
